SegmentID,SegmentWaypointSequence,WaypointID
1,1,1
1,2,2
1,3,3
1,4,4
2,1,4
2,2,5
2,3,6
3,1,6
3,2,7
3,3,8
4,1,8
4,2,18
4,3,19
4,4,20
4,5,21
4,6,22
4,7,9
5,1,8
5,2,10
6,1,14
6,2,16
6,3,4
7,1,6
7,2,11
7,3,12
8,1,14
8,2,15
8,3,12
9,1,12
9,2,17
9,3,13
9,4,14
